input,output
аль пачи но,Аль Пачино
гуд фелас,Славные парни
роберт дениро,Роберт Де Ниро
ска фейс,Лицо со шрамом
Крестный отец,Крестный отец
резервоар догс,Бешеные псы
мартин скорсез,Мартин Скорсезе
брайан пальма де,Брайан Де Пальма
джо пеше,Джо Пеши
Таксист,Таксист
друзья едее койла,Друзья Эдди Койла
долгой прощание,Долгое прощание
фильм вор майкл ман,Фильм Вор Майкла Манна
николос пиледж,Николас Пиледжи
Харви Кейтель,Харви Кейтель
путь кар ли то,Путь Карлито
эльмор линард,Элмор Леонард
шватка 1995 фильм,Фильм Схватка 1995
король нью йорке,Король Нью-Йорка
Мартин Скорсезе,Мартин Скорсезе
Роберт донеро,Роберт Де Ниро
мартин скорсези,Мартин Скорсезе
такси драйвер,Таксист
Крестов отец,Крестный отец
францис фрод каппола,Фрэнсис Форд Коппола
брайан депальма,Брайан Де Пальма
гудфеллас,Славные парни
доны брассо,Донни Браско
Казино,Казино
Побег из Алькатраса,Побег из Алькатраса
Молчанье ягнят,Молчание ягнят
Семь,Семь
Да вид Финчер,Дэвид Финчер
Квентин Тарантина фильмы,Квентин Тарантино фильмы
Бесик инстинкт фильм,Основной инстинкт фильм
Бойцовский клуб,Бойцовский клуб
подозрительные лиса,Подозрительные лица
Шестое чуйство,Шестое чувство
Джонатон Демми режиссер Молчание ягнят,Джонатан Демме режиссер Молчание ягнят
Пулпфикшн,Криминальное чтиво
Давид Фингер Севен смотреть,Дэвид Финчер «Семь»
Андрей Кевин Вокер сценарист севен,Эндрю Кевин Уокер сценарист «Семь»
эл эй конфиденшл смотреть,L.A. Confidential смотреть
Основной инстинкт Пол Вервин,Основной инстинкт Пол Верховен
Игра Финчера,Игра Финчера
Жестокие намирения 1999,Жестокие намерения 1999
Рене Русо Томас краун 1999,Рене Руссо Томас Краун 1999
Джеймс Элрой Лос Анджелес конфиденшл,Джеймс Эллрой L.A. Confidential
Схватка Майкэл Манн 1995,Схватка Майкл Манн 1995
Se7en,Se7en
Девит фенчер фильм сем,Дэвид Финчер фильм Семь
Аль паченто схватка,Аль Пачино Схватка
бейсик инстинкт шарон стоун,Основной инстинкт Шэрон Стоун
копи кат,Копикэт
Молчание ягнят Энтони Хопкинс,Молчание ягнят Энтони Хопкинс
фьюгитив Харисон фоорд,Побег Харрисон Форд
эдвард нортн бойцовский клуб,Эдвард Нортон Бойцовский клуб
кевин спэйси юзуал подозреваемые,Кевин Спейси Обычные подозреваемые
зе гейм фильм 1997 майкл даглас,Игра 1997 Майкл Дуглас
Бойцовский клуб 1999,Бойцовский клуб 1999
Властелин коры возвращение короля,Властелин колец: Возвращение короля
Миллионер из трушоб,Миллионер из трущоб
Отсупники Мартин скорсезе,Отступники Мартин Скорсезе
гладио тор рассел кроу,Гладиатор Рассел Кроу
Чикаго,Чикаго
Авиатор Мартин скорседж,Авиатор Мартин Скорсезе
Вики Кристи на Барселона,Вики Кристина Барселона
мулен руч,Мулен Руж!
Чтец Кейт Винслет,Чтец Кейт Уинслет
Горбатая гора,Горбатая гора
Хавьер бар дем фильм нет страны для стариков,Хавьер Бардем фильм «Старикам тут не место»
Катерин Бигало фильм герт лоркер,Кэтрин Бигелоу фильм «The Hurt Locker»
Дэн бойл слэмдог миллионер режиссер,Дэнни Бойл режиссёр «Slumdog Millionaire»
Ар рахман саундтрек слэмдог,А. Р. Рахман саундтрек к «Slumdog Millionaire»
Говард Шор,Говард Шор
Пол Гаггис сценарий фильм краш,Пол Хаггис сценарий фильма «Crash»
Кейт Бланшет актриса аэвиатор,Кейт Бланшетт актриса «Авиатор»
Джеймс Орнер музыка игры разума,Джеймс Хорнер музыка к «Игры разума»
Марк боул сценарист херт локер,Марк Боал сценарист «The Hurt Locker»
Кэтрин Зета-Джонс,Кэтрин Зета-Джонс
арар рахман,А. Р. Рахман
дэнни бой,Дэнни Бойл
хафьер бардем,Хавьер Бардем
властелин колец возвращение кораля,Властелин колец: Возвращение короля
Слумдог Миллионер,Слумдог Миллионер
тильда свинтон,Тильда Суинтон
фильм херд локер,фильм The Hurt Locker
форест уайтакер,Форест Уиттакер
питер джексен,Питер Джексон
Малышка на миллион,Малышка на миллион
фильм на чало с ди каприо,фильм Начало с Леонардо ДиКаприо
темный рисарь крестиан бейл,Тёмный рыцарь Кристиан Бэйл
интер стеллар ханц зиммер,Интерстеллар Ханс Циммер
мементос гай перс,Мементо Гай Пирс
Тенет,Тенет
престиж нолан хью джекман кристиан бейл,Престиж Кристофер Нолан Хью Джекман Кристиан Бэйл
том харди бейн в темном рисаре,Том Харди Бэйн в Тёмном рыцаре
марион котийяр начало,Марион Котийяр Начало
килиан мерфи в на чале,Киллиан Мёрфи в Начале
Дюнкерк,Дюнкерк
кристиан бел бэтмен начало,Кристиан Бейл Бэтмен: Начало
том харди интер стеллар,Том Харди Интерстеллар
марион котияр начало,Марион Котийяр Начало
эн хетэуэй темный рыцарь возрождение,Энн Хэтэуэй Темный рыцарь: Возрождение
Тенет,Тенет
лейонардо ди каприо начело,Леонардо Ди Каприо Начало
майкл кайн дюнкерк,Майкл Кейн Дюнкерк
ханс зиммер саундтрек начало,Ханс Циммер саундтрек Начало
прес ти ж нолан,Престиж Кристофер Нолан
Дюнкерк,Дюнкерк
Силлиан Мерфи,Киллиан Мёрфи
гай пирс мимето,Гай Пирс Мементо
кан ватана бей,Кен Ватанабэ
ин тер стелар,Интерстеллар
Дюнкерк,Дюнкерк
лукас хаз,Лукас Хаас
девид боузи,Дэвид Боуи
димпл кападия,Димпл Кападия
опенгеймер трейлер,Оппенгеймер трейлер
Начало,Начало
Кристофер ножан,Кристофер Нолан
Силиан мерфи,Киллиан Мёрфи
томарди,Том Харди
инцепшен леонардо ди каприо,Инсепшн Леонардо ДиКаприо
анс симмер,Ханс Циммер
джозеф гордон левит,Джозеф Гордон-Левитт
мэтью макконафи интерстелар,Мэттью Макконахи Интерстеллар
Начало 2010,Начало 2010
роберт довани мл,Роберт Дауни-младший
Довод 2020,Довод 2020
Славный парень,Славные парни
бешеная улица,Бешеные улицы
влог с валл стрит,Волк с Уолл-стрит
Хюго,Хьюго
Роберт дениро,Роберт Де Ниро
леонардо ди каприо шаттер айленд,Леонардо Ди Каприо Шаттер-Айленд
Банды Ньюйорк,Банды Нью-Йорка
Ирландец,Ирландец
отступник,Отступники
Казино,Казино
банк и нью йорк,Банды Нью-Йорка
тревис бичл,Трэвис Бикл
Мартин Скорсезе,Мартин Скорсезе
отступки фильм,Отступники фильм
хаго кабре,Хьюго Кабрет
shutter island,Шаттер-Айленд
роби робертсон,Робби Робертсон
телма скунмайер монтажер,Тельма Скунмейкер монтажёр
кассино с робертом де ниро,Казино с Робертом Де Ниро
Бешеный бык,Бешеный бык
фильмы мартина скорсези,Фильмы Мартина Скорсезе
гуд и фелас 1990,Гудфелас 1990
роберт динеро таксист,Роберт Де Ниро Таксист
джо пещи в славных парнях,Джо Пеши в Славных парнях
Таксист,Таксист
бешеный байк 1980,Бешеный бык 1980
последнее исключение христа,Последнее искушение Христа
казина мартина скорсези,Казино Мартина Скорсезе
лео нардо дик априо,Леонардо ДиКаприо
Авиатор,Авиатор
Космическая Одессия 2001,Космическая одиссея 2001
Доктор Стренджлав как я перестал бояться и полюбил бомбу,"Доктор Стрейнджлав, или Как я перестал бояться и полюбил бомбу"
Завод на апельсин,Заводной апельсин
Полный металл джекет,Полный металлический жакет
Сияние,Сияние
Бари Линдон,Барри Линдон
Глаза широко закрыты,С широко закрытыми глазами
Питер селлс доктор стрейнджлав,"Питер Селлерс Доктор Стрейнджлав, или Как я перестал бояться и полюбил бомбу"
Спарта кёрк дуглас,Спартак Кирк Дуглас
Стэнли Кубрик,Стэнли Кубрик
джордж лигети,Дьёрдь Лигети
жон олико,Джон Олкотт
жой токил,Джо Туркел
широко закрытые глаза,С широко закрытыми глазами
страх и влечение,Страх и желание
путь слава,Путь славы
Космическая одиссея 2001,Космическая одиссея 2001
скатмен крошерс,Скэтмен Кротчерс
рей ловджой,Рэй Лавджой
Заводной апельсин,Заводной апельсин
Космическая Одессия 2001,Космическая Одиссея 2001
Заводной абельсин,Заводной апельсин
Доктор Стрендж лав,Доктор Стрейнджлав
Фул метал джекет Кубрик,Full Metal Jacket Кубрик
С широкозакрытыми глазами,С широко закрытыми глазами
Барри Линтон фильм,Барри Линдон фильм
Шайнинг Кубрик,Сияние Кубрик
Лолита,Лолита
Пас оф глори,Путь славы
Доктор Стрейнджлав,Доктор Стрейнджлав
Хам фри бо гарт,Хамфри Богарт
Мэрилин Монро,Мэрилин Монро
Грег Ори пек,Грегори Пек
Карри грант,Кэри Грант
Одри хэп борн,Одри Хепберн
Марлин брандо,Марлон Брандо
Джеймсдин,Джеймс Дин
Кларк гэбл,Кларк Гейбл
Кэтрин Хепберн,Кэтрин Хепберн
Элизабет тайлор,Элизабет Тейлор
гин харло,Джин Харлоу
оливия де хавиленд,Оливия де Хэвилленд
хеди лама,Хеди Ламар
спенцер трэйси,Спенсер Трейси
монгомери клифт,Монтгомери Клифт
Бастер Китон,Бастер Китон
кладет кольбер,Клодетт Кольбер
роберт мичем,Роберт Митчем
ирол флин,Эрол Флинн
Мирна Лой,Мирна Лой
хам фри бог арт,Хамфри Богарт
мерлон брандо,Марлон Брандо
бет дэ виз,Бетт Дэвис
петер лоре,Питер Лорре
Кэри Грант,Кэри Грант
сансет булвар,Сансет-бульвар
ска фейс 1932,Скарфейс (1932)
джеймс качни,Джеймс Кэгни
мерлин монро,Мэрилин Монро
Бастер Китон,Бастер Китон
брэд пит,Брэд Питт
том круз,Том Круз
роберт дауни мл,Роберт Дауни-младший
крис гемсворт,Крис Хемсворт
скарлет йохансон,Скарлетт Йоханссон
дженнифер лавренс,Дженнифер Лоуренс
вилл смит фильмы,Уилл Смит фильмы
джоакин финикс,Хоакин Феникс
семюэл джексон,Сэмюэл Л. Джексон
дензел вашингтон,Дензел Вашингтон
оскар исак,Оскар Айзек
рамми малек,Рами Малек
флоренс пиу,Флоренс Пью
обендикт камбер батч,Бенедикт Камбербэтч
Ванесса Кирби,Ванесса Кирби
рез ахмед,Риз Ахмед
килиан марфи,Киллиан Мерфи
адэм драйвер,Адам Драйвер
ска фейс,Скарфейс
Руни Мара,Руни Мара
Тимоти Шаламит,Тимоти Шаламе
Рами Малик,Рами Малек
Тильда Сьютон,Тильда Суинтон
Чуител эджиефор,Чиветел Эджиофор
Скар Фейс 1983,Скарфейс 1983
Зоуи Салдано,Зои Салдана
Кристофер Нолан,Кристофер Нолан
Марго Робинс,Марго Робби
Энсел Эльгорд,Энсел Элгорт
Леонардо ДиКаприо,Леонардо ДиКаприо
Бенедикт Камбербач,Бенедикт Камбербэтч
Том Хиддл стон,Том Хиддлстон
Дэниел Рэдклиф,Дэниел Рэдклифф
Ху Грант,Хью Грант
Гэри Олд ман,Гэри Олдмен
Иэн Маккеллен,Иэн Маккеллен
Колин Фирт,Колин Ферт
Андрей Скотт,Эндрю Скотт
Ральф Файнс,Рэйф Файнс
Эмма Уотсон,Эмма Уотсон
фильм с тимоти спорл,фильм с Тимоти Споллом
чуветел эджиофор,Чиветел Эджиофор
бен ушов,Бен Уишоу
жемма артретон фильмы,Джемма Артертон фильмы
Марк Райланс,Марк Райланс
дэвид тулис,Дэвид Тьюлис
рут вилсон фильмография,Рут Уилсон фильмография
стивен грам фильмы,Стивен Грэм фильмы
пол биттани актер,Пол Беттани актер
Питер Капальди,Питер Капальди
Бенедикт Камбербач,Бенедикт Камбербэтч
Эван Мак Грегор,Юэн Макгрегор
Тильда Свинтон,Тильда Суинтон
Серша Ронан,Сирша Ронан
Идрис Эльба,Идрис Эльба
Наоми Харис,Наоми Харрис
Саша Баронкоэн,Саша Барон Коэн
Ральф Файнс,Рэйф Файнс
Пики блюндерс сериал,Пики Блайндерс сериал
Кира Найтли,Кира Найтли
Пил и шар,Пьер Ришар
Жан люк говард,Жан-Люк Годар
Як Тати,Жак Тати
Луи мал,Луи Маль
Бриджит Бардо,Брижит Бардо
Четыре ста ударов,Четыреста ударов
На последнем двихании,На последнем дыхании
Агнес Варда,Аньес Варда
Жан ринуар,Жан Ренуар
Четыреста ударов,Четыреста ударов
Жан Ренуа,Жан Ренуар
Четыреста ударов,400 ударов
Аня Вара,Аньес Варда
Жак Тати,Жак Тати
Роберт Брессон,Робер Брессон
Жак доми,Жак Деми
Жан мари,Жан Маре
Эрик номер,Эрик Ромер
Иза белль Юпитер,Изабель Юппер
На последнем дыхании,На последнем дыхании
Пил и шар фильмы с ним,Пьер Ришар фильмы с ним
френсуа труфо фильм 400 ударов,Франсуа Трюффо фильм Четыреста ударов
Жан Люк говар фильм на последнем дыхании,Жан-Люк Годар фильм На последнем дыхании
а бут де суфль 1960,À bout de souffle 1960
Жак Тати,Жак Тати
лес анфан ду парадиз смотреть,Les Enfants du Paradis смотреть
Эрак ромёр фильм 1970,Эрик Ромер фильм 1970
лё салер де ла фер фильм,Le Salaire de la Peur фильм
Жанна море биография,Жанна Моро биография
Луи Маль фильмы,Луи Маль фильмы
Феде рико фелини,Федерико Феллини
ла дольчи вита,Ла Дольче Вита
Энио Морриконе,Эннио Морриконе
витторио десика,Витторио Де Сика
Сержио леон,Серджо Леоне
восем и с половиной,Восемь с половиной
джузепе торнаторе,Джузеппе Торнаторе
иль гаттопардо,Il Gattopardo
микеланджело антонио ни,Микеланджело Антониони
Кинотеатр Парадизо,Кинотеатр Парадизо
Федерал Феллини,Федерико Феллини
Ла дольче вильта,Ла Дольче Вита
Кардинале Клаудиа,Клаудия Кардинале
Пьер Поло Пасолини,Пьер Паоло Пасолини
Ил гатто пардо,Иль Гаттопардо
Тото,Тото
Тоннино гирра,Тонино Гуэрра
Эрмано Ольми фильм посто,Эрманно Ольми фильм Иль Посто
Рим открытый города,"Рим, открытый город"
Серджо Леоне,Серджо Леоне
Ла долче бита,Ла Дольче Вита
Федерико беллини,Федерико Феллини
Марчелло мастроняни,Марчелло Мастроянни
Джу летта мазына,Джульетта Мазина
Амаркорд,Амаркорд
Ладри ди бисиклетте,Ladri di biciclette
Рома ситта аперта,Roma città aperta
Ил гато пардо,Il Gattopardo
Сержо леона,Серджо Леоне
La strada,La strada
Акира Курузава,Акира Куросава
Унесённые призраки,Унесённые призраками
фильм Раша мон,фильм Рашомон
сим самурай,Семь самураев
Тоширо Мифунэ,Тосиро Мифунэ
принцесса моно ноке,Принцесса Мононоке
студио гибли,Студия Гибли
Ики ру Куросава,Икиру Куросава
Хаяо Миядзаки,Хаяо Миядзаки
Сатоси Кон,Сатоси Кон
Хироказу Корэ-эда,Хироказу Корэ-эда
Джо Хисайши,Джо Хисаиши
Сатоши конн,Сатоси Кон
Сэдзюн Судзуки,Сейдзюн Судзуки
Ясу джиро Озу,Ясудзиро Одзу
Микио Нарузе,Микио Нарусэ
фильм рэн 1985,фильм Ран 1985
там папо,Тампопо
Нагиса Ошима,Нагиса Осима
Тосиро Мифунэ,Тосиро Мифунэ
Акира Крусовая,Акира Куросава
Раша мон,Рашомон
Ясу Джиро Озу,Ясудзиро Одзу
Хайо Миядзаки,Хаяо Миядзаки
Икиру,Икиру
Сатоши Кон,Сатоси Кон
Такаши Микэ,Такаси Миике
Тосиро Мифуне,Тоширо Мифунэ
Такеси Китано,Такеши Китано
Семь самураев,Семь самураев
Брилянтовая рука,Бриллиантовая рука
Иван Васильевич менят профессию,Иван Васильевич меняет профессию
Кавказская пленица,Кавказская пленница
Операция И и другие приключения Шурика,Операция Ы и другие приключения Шурика
Джентльмены удачи,Джентльмены удачи
Любовь и голобеи,Любовь и голуби
Берегись авто мобиля,Берегись автомобиля
Андрей Мировой фильмы,Андрей Миронов фильмы
Евгений леснов актёр,Евгений Леонов актёр
"Ирония судьбы, или С лёгким паром","Ирония судьбы, или С лёгким паром"
Служебный роман,Служебный роман
Джентльмены удачи,Джентльмены удачи
Брилантовая рука,Бриллиантовая рука
Операция и и другие приключения Шурика,Операция «Ы» и другие приключения Шурика
Кавказская пленница новые приключения Шурика,"Кавказская пленница, или Новые приключения Шурика"
Александр Демяненко,Александр Демьяненко
Юра Никулин,Юрий Никулин
Леонид гай дай,Леонид Гайдай
Золотой теленок,Золотой телёнок
Берегись авто мобиля,Берегись автомобиля
Арчиль Гомияшвили,Арчил Гомиашвили
Джентльмены у дачи,Джентльмены удачи
Бриллиантова рука,Бриллиантовая рука
Операция Ы и другие приключения Шурика,Операция «Ы» и другие приключения Шурика
Иван Василевич меняет профессию,Иван Васильевич меняет профессию
Кавказская пленница новые приключения шурика,"Кавказская пленница, или Новые приключения Шурика"
Юрий Нуклин,Юрий Никулин
Леонид Гайдей,Леонид Гайдай
Афоня,Афоня
12 стульев,12 стульев
Андрей тар ковский,Андрей Тарковский
Летят журавли,Летят журавли
Броненосец потомкин,Броненосец Потёмкин
Иван детство,Иваново детство
Балда о солдате,Баллада о солдате
Андрей Рублев,Андрей Рублёв
Инна конти смоктуновский,Иннокентий Смоктуновский
Человек с кино аппаратом,Человек с киноаппаратом
Столкер 1979,Сталкер 1979
Война и мир,Война и мир
Лети журавль,Летят журавли
Андрей Тараковский,Андрей Тарковский
Михаэл Таривердиев,Микаэл Таривердиев
Баллада осолдате,Баллада о солдате
Доживём до поднедельника,Доживём до понедельника
Сталкар фильм Тарковский,Сталкер фильм Тарковский
Марлин Хуциев,Марлен Хуциев
Ивано детство,Иваново детство
Дерсу Узала,Дерсу Узала
Тихий Дон,Тихий Дон
Инно кент смок тун овский,Иннокентий Смоктуновский
фильмы марлен хусиев,фильмы Марлена Хуциева
Летят журавли,Летят журавли
Баллада о са лодате,Баллада о солдате
андрей тар ковский андрей руб лев,Андрей Тарковский Андрей Рублёв
фильм тенгиз обылатзе покаяние,фильм Тенгиз Абуладзе Покаяние
а зори здеь тихие,А зори здесь тихие
михаил калатов фильм летят журавли,Михаил Калатозов фильм Летят журавли
ли я ахеджакова фильмы,Лия Ахеджакова фильмы
Броненосец Потёмкин,Броненосец Потёмкин
Юра на кулин,Юрий Никулин
Иннокентий Смоткуновский,Иннокентий Смоктуновский
Евгений Леонов,Евгений Леонов
Андрей мироноф,Андрей Миронов
Людмила Горченко,Людмила Гурченко
Фаина раненная,Фаина Раневская
Олег яновский,Олег Янковский
Сережа бон дарчук,Сергей Бондарчук
Татьяна Самойлова,Татьяна Самойлова
Нонна Мордукова,Нонна Мордюкова
Инно кентий смок туновский,Иннокентий Смоктуновский
Олег Янковский,Олег Янковский
Ли я Ахеджакова,Лия Ахеджакова
Нонна Мор дюкова,Нонна Мордюкова
Борис хмель ницкий,Борис Хмельницкий
Лия Ахеджакова,Лия Ахеджакова
Эльза Леж дай,Эльза Леждей
Валентин гафе,Валентин Гафт
Елена Соловьев,Елена Соловей
Семен Фара да,Семён Фарада
Инно кений смок ту новский,Иннокентий Смоктуновский
Вахтанг кика бидзе,Вахтанг Кикабидзе
Нона Мордовка,Нонна Мордюкова
Фаина ранефская,Фаина Раневская
Бриллиантовая рука,Бриллиантовая рука
Анатолий папа нов,Анатолий Папанов
Олег та баков,Олег Табаков
фильм с Александром абду ловым,фильм с Александром Абдуловым
Люба вор лова,Любовь Орлова
Юрий Никулин,Юрий Никулин
Алексей бала банов,Алексей Балабанов
сергей бодров младший брат,Сергей Бодров-младший Брат
никита михалов утопленные солнцем,Никита Михалков Утомлённые солнцем
сибирский цирюлик михалков,Сибирский цирюльник Михалков
такси блуз павел лунген,Такси-блюз Павел Лунгин
виктор сухору ков фильм брат,Виктор Сухоруков фильм Брат
Брат,Брат
ковказский пленик бодров,Кавказский пленник Бодров
Павел Лунгин,Павел Лунгин
сергей маковецкий особенности национальной охоты,Сергей Маковецкий Особенности национальной охоты
алексей бала банов,Алексей Балабанов
брят,Брат
сергей богров младший,Сергей Бодров-младший
Данила Багров,Данила Багров
виктор сухо руков,Виктор Сухоруков
павел лун кин,Павел Лунгин
Такси-блюз,Такси-блюз
олег мен шиков,Олег Меньшиков
сибирский цирюльник,Сибирский цирюльник
владимир маш ков,Владимир Машков
Алексей бала банов,Алексей Балабанов
Сергей бродов младший,Сергей Бодров-младший
Окно в Париже,Окно в Париж
Такси блус,Такси-блюз
Брат,Брат
Сибирский сырюльник,Сибирский цирюльник
Павел Лунгин,Павел Лунгин
Чулпан Каматова,Чулпан Хаматова
Виктор Сухаруков,Виктор Сухоруков
Олег Меншиков,Олег Меньшиков
Ночные даров,Ночной дозор
Дневной дождь,Дневной дозор
Федор бондачук,Фёдор Бондарчук
Константин хобенский,Константин Хабенский
Бу мер,Бумер
Стеляджи,Стиляги
Адмирал кол чах,Адмирал Колчак
Сергей без рук ов,Сергей Безруков
Брат 2,Брат 2
Любовь-морковь,Любовь-морковь
Андрей звя гинцев,Андрей Звягинцев
Возвра щение,Возвращение
Фёдор бонда ручук,Фёдор Бондарчук
Куку шка,Кукушка
Груз 200,Груз 200
Стили джи,Стиляги
Бум мер,Бумер
Константин хабен ский,Константин Хабенский
Чул пан Хаматова,Чулпан Хаматова
Остров,Остров
чул пан ха матова,Чулпан Хаматова
Бумер,Бумер
фильм остров павел лунин,фильм Остров Павел Лунгин
резо ги ги неишвили фильмы,Резо Гигинеишвили фильмы
девять рота,9 рота
федор бондар чук режиссер,Фёдор Бондарчук режиссёр
Брат 2,Брат 2
евгений ци ган оф фильм,Евгений Цыганов фильм
жмур ки 2005,Жмурки 2005
андрей звяз инцев возвращение,Андрей Звягинцев Возвращение
Серега безруков,Сергей Безруков
Константин халбенский,Константин Хабенский
Чулпан Хаматова,Чулпан Хаматова
Данила козлавский,Данила Козловский
Серж бодров младший,Сергей Бодров-младший
Олег Меншиков,Олег Меньшиков
Владимир маш ков,Владимир Машков
Никита миха льков,Никита Михалков
Андрей Кончалов ski,Андрей Кончаловский
Марья шукшина,Мария Шукшина
Евгений цыган ов,Евгений Цыганов
Рав шана Куркова,Равшана Куркова
Юрий Kolokolnikov,Юрий Колокольников
Алена бабенко,Алёна Бабенко
Владимир Вдовиченков,Владимир Вдовиченков
Вик тория Исакова,Виктория Исакова
Андрей мерсликин,Андрей Мерзликин
Марья Шалаева,Мария Шалаева
Юлия перецильд,Юлия Пересильд
Данила Козловский,Данила Козловский
Ар мен джигар ханян,Армен Джигарханян
Ли я Ахеджакова,Лия Ахеджакова
Юля снигир,Юлия Снигирь
Гота кузенко,Гоша Куценко
Рената лит винова,Рената Литвинова
Олег мень шиков,Олег Меньшиков
Данила Козловский,Данила Козловский
Евгений мирон оф,Евгений Миронов
Леонид яремольник,Леонид Ярмольник
Чулпан Хаматова,Чулпан Хаматова
Андрей тар ковский,Андрей Тарковский
Сергей Эйзенштейн,Сергей Эйзенштейн
Андрей кон чаловский,Андрей Кончаловский
Никита Михал ков,Никита Михалков
Александр Сокуроф,Александр Сокуров
Сергей паражанов,Сергей Параджанов
Алексей гермен,Алексей Герман
Лариса шепить ко,Лариса Шепитько
Марлен хусиев,Марлен Хуциев
Эльдар Рязанов,Эльдар Рязанов
мар лен хучиев,Марлен Хуциев
глеб пан филов,Глеб Панфилов
элем климов,Элем Климов
Кира Муратова,Кира Муратова
борис бар нет,Борис Барнет
сергей пара джанов,Сергей Параджанов
виталий мель ников,Виталий Мельников
алексей бала банов,Алексей Балабанов
Александр Сокуров,Александр Сокуров
юрий нор стейн,Юрий Норштейн
андрей тар ковский фильм зеркало,Андрей Тарковский фильм Зеркало
дзига ворот фильмы,Дзига Вертов фильмы
Эльдар Рязанов,Эльдар Рязанов
кирилл серебряников биография,Кирилл Серебренников биография
тенгиз абу ладзе фильм пыль,Тенгиз Абуладзе фильм Пыль
михаил колато зов,Михаил Калатозов
эльдар шэн гелая интервью,Эльдар Шенгелая интервью
александр соку ров фильмы,Александр Сокуров фильмы
Никита Михалков,Никита Михалков
элем клемов иди и смотри,Элем Климов Иди и смотри
Вал и,Валли
В поиках Нимо,В поисках Немо
История игрушек,История игрушек
Пит Доктор,Пит Доктер
Джон Лазетер,Джон Лассетер
Рата туй,Рататуй
Голово ломка,Головоломка
Рус сел,Рассел
Тач ки,Тачки
Вверх,Вверх
Энрико каза роса,Энрико Казароса
Ренди Ньюмен,Рэнди Ньюман
дом и ши,Доми Ши
майк ва за виски,Майк Вазовски
Пит доктор,Пит Доктер
Джонас ривьера,Джонас Ривера
ба о,Бао
рата туй,Рататуй
Лука,Лука
пиксар,Пиксар
история и игрушек,История игрушек
валли,ВАЛЛ·И
ра та туй,Рататуй
бред бурд,Брэд Бёрд
питер доктор,Пит Доктер
рэнди нью мен,Рэнди Ньюман
Корпорация монстров,Корпорация монстров
андрю стен тон,Эндрю Стэнтон
супер семья,Суперсемейка
Вверх,Вверх
Валт дискней,Уолт Дисней
Питер пен,Питер Пэн
руса лодка,Русалочка
Пира ты карибы моря,Пираты Карибского моря
звере полис,Зверополис
Муллан,Мулан
бем би,Бэмби
мики майс,Микки Маус
Аладдин,Аладдин
Король Лев,Король Лев
аллен менкин музыка красавица и чудовище,Алан Менкен музыка Красавица и Чудовище
рон клеменс принцесса и лягушка,Рон Клементс Принцесса и Лягушка
лукас фильм коллекция,Лукасфильм коллекция
хро хамада город героев,Хиро Хамада Город героев
Зверополис,Зверополис
пит доктор мультфильмы,Пит Доктер мультфильмы
дон блют фильмы,Дон Блут фильмы
кевин файг продюсер марвел,Кевин Файги продюсер Marvel
ванда вижн смотреть,ВандаВижн смотреть
Джон Фавро,Джон Фавро
Валт Дисней биография,Уолт Дисней биография
джон ластер интервью,Джон Лассетер интервью
база лайтер игрушки,Базз Лайтер игрушки
Рата туй фильм,Рататуй фильм
зверо полис трейлер,Зверополис трейлер
Мулан,Мулан
глен кин художник анимации,Глен Кийн художник анимации
пит доктор фильмография,Пит Доктер фильмография
хиро хама да персонаж,Хиро Хамада персонаж
ВАЛЛ-И,ВАЛЛ-И
Мой сосед тото ро,Мой сосед Тоторо
Унесённые призраки,Унесённые призраками
Принцеса моноке,Принцесса Мононоке
Хайо Миядзаки,Хаяо Миядзаки
Джо хисайши,Джо Хисаиши
ходячий замок вала,Ходячий замок Хаула
ведьмина служба достав ка,Ведьмина служба доставки
Наусикая из долины ветра,Наусикая из долины ветров
Могила светлячков,Могила светлячков
Порко Россо,Порко Россо
Жо хисайши,Джо Хисаиши
Наусика из долины ветров,Наусикая из долины ветров
Порко Розо,Порко Россо
Ха яо миядзаки,Хаяо Миядзаки
Исао Такажата,Исао Такахата
Ведьмина служба достав ки,Ведьмина служба доставки
Ходячий замок аула,Ходячий замок Хаула
Пом поко,Помпоко
Могила светлячков,Могила светлячков
Шепот сердца,Шепот сердца
Хаяо Миядзака,Хаяо Миядзаки
Джо Хайсиши,Джо Хисаиши
Мой сосед Тота ро,Мой сосед Тоторо
Навския из долины ветров,Навсикая из долины ветров
Принцесса Моно ноке,Принцесса Мононоке
Проко Россо,Порко Россо
Могила света чков,Могила светлячков
Ведьмина служба достав ки,Ведьмина служба доставки
Унесённые призраками,Унесённые призраками
Ходячий замок Хаула,Ходячий замок Хаула
Хайао Миядзаки,Хаяо Миядзаки
Унесенные призраки,Унесённые призраки
Принцесса Моно ноке,Принцесса Мононоке
Призрак в доспеха,Призрак в доспехах
Мой сосед Тоторо,Мой сосед Тоторо
Аки Ра,Акира
Макото Шинкай,Макото Синкай
Ведьмина служба достав ки,Ведьмина служба доставки
Повесть о принцессе Кагуя,Повесть о принцессе Кагуе
Акира,Акира
пап рика,Паприка
са тоши кон,Сатоси Кон
перфект блю,Perfect Blue
призрак в до спех ах,Призрак в доспехах
Шепот сердца,Шепот сердца
ков бой бибоп,Ковбой Бибоп
ведьмина служба достав ки,Ведьмина служба доставки
принцесса мона нока,Принцесса Мононоке
исау такахата,Исао Такахата
Могила светлячков,Могила светлячков
Ведьма на службе доставки,Ведьмина служба доставки
Твоё ниме,Твоё имя
Макото шин кай,Макото Синкай
Хайо милядзаки,Хаяо Миядзаки
Принцесса Мононоке,Принцесса Мононоке
Унесённые призраки,Унесённые призраками
Покемон мью ту наносит удар,Покемон: Мьюту наносит ответный удар
Сатоши кон,Сатоси Кон
Мамуру хосада,Мамору Хосода
Акира,Акира
Дарф Вейдер,Дарт Вейдер
Люк скайвокер,Люк Скайуокер
Хансало,Хан Соло
Обиван кеноби,Оби-Ван Кеноби
Принцеса лея органа,Принцесса Лея Органа
ар ту ди ту,R2-D2
си три пи о,C-3PO
Чубака,Чубакка
Йода,Йода
Звёздные войны: Новая надежда,Звёздные войны: Новая надежда
А дам драйвер,Адам Драйвер
Иэн мак дай армид,Иэн МакДайармид
Биб фортун,Биб Фортуна
Гранд моеф тар кин,Гранд-мофф Таркин
Кайл орен,Кайло Рен
Генерал гри вакс,Генерал Гривус
Тысячилетний сокал,Тысячелетний сокол
Джаба хыт,Джабба Хатт
Джон Уильямс,Джон Уильямс
Империя наносит ответный удар,Империя наносит ответный удар
дарт вадер,Дарт Вейдер
люк скай уокер,Люк Скайуокер
кайло рэн,Кайло Рен
чубака,Чубакка
джей джей эйбрамс,Джей Джей Абрамс
дэйзи рид ли,Дэйзи Ридли
Оскар Айзак,Оскар Айзек
звездные вон,Звёздные войны
Возвращение джедая,Возвращение джедая
Рей,Рей
Гарри Потер и философский камень,Гарри Поттер и философский камень
Дэниел радклиф,Дэниел Рэдклифф
Эмма ватсон,Эмма Уотсон
Рупер Грин,Руперт Гринт
Рубиус Хэгрид,Рубеус Хагрид
Северус снайп,Северус Снейп
Косой перелюк,Косой переулок
Елена Бонем Картер,Хелена Бонэм Картер
Крис Коламбус,Крис Коламбус
Гарри Поттер и тайная комната,Гарри Поттер и тайная комната
Барт Темиус Крауч младший,Бартемиус Крауч младший
базилик под лестницей,базилиск под лестницей
Александра Деспла саундтрек Гарри Поттер,Александр Деспла саундтрек Гарри Поттер
Альфонс куарон Гарри Поттер,Альфонсо Куарон Гарри Поттер
Квиддич,Квиддич
Фенир Грейбек оборотень,Фенрир Грейбек оборотень
Рита скетер статья,Рита Скитер статья
Николай Фламель,Николас Фламель
замок Хог ватс экскурсия,замок Хогвартс экскурсия
Мэттью Льюис,Мэттью Льюис
Гарри поток,Гарри Поттер
Гарри Поттер и принц полу кровь ка,Гарри Поттер и принц-полукровка
Белатрица Лестрейндж,Беллатриса Лестрейндж
Ним фадора тонкс,Нимфадора Тонкс
Северус Снип,Северус Снейп
Рубус Хагрид,Рубеус Хагрид
Грин де вальд,Гриндельвальд
Питер Петигрю,Питер Петтигрю
Гарри Поттер и Кубок огня,Гарри Поттер и Кубок огня
Хогвартс,Хогвартс
Властелин колец,Властелин колец
Власталин колец,Властелин колец
Властелин колец братство кольца,Властелин колец: Братство Кольца
Питер Джаксон,Питер Джексон
Шон блин,Шон Бин
Виго Мортенсон,Вигго Мортенсен
Алайджа вуд,Элайджа Вуд
Голум,Голлум
Фрадо Беггинс,Фродо Бэггинс
Братство Кольца,Братство Кольца
хьюго вивинг,Хьюго Уивинг
глор финдель,Глорфиндель
кейт блан шамет,Кейт Бланшетт
минас тири т,Минас Тирит
Властелин колец: Две крепости,Властелин колец: Две крепости
ховард шор,Говард Шор
энди серкус,Энди Серкис
сильмарил ли он,Сильмариллион
коле борн,Келеборн
Питер Джексон,Питер Джексон
Фрадо Беггинс,Фродо Бэггинс
Гендальф Серый,Гэндальф Серый
Виго Мартенсон,Вигго Мортенсен
Ин Мак Келлен,Иэн Маккеллен
Властелин колец: Братство кольца,Властелин колец: Братство кольца
Ривендэл,Ривенделл
Минас Терит,Минас Тирит
Гол лум,Голлум
меч анду риль ара горн,меч Андурил Арагорн
Леголас,Леголас
Тони стар к,Тони Старк
Крис Иванс,Крис Эванс
Крис Хемсфорт,Крис Хемсворт
Скэрлетт Ехансон,Скарлетт Йоханссон
Человек паук нет пути домой,Человек-паук: Нет пути домой
Сор ви голова сериал,Сорвиголова сериал
Кинг пин,Кингпин
Мстители,Мстители
Чёрная вдова,Чёрная вдова
Том Холенд,Том Холланд
Кевин фейджи,Кевин Файги
Джек керби,Джек Кирби
Райан кублер,Райан Куглер
Бен дикт кам бер бэтч,Бенедикт Камбербэтч
Человек-паук: Вдали от дома,Человек-паук: Вдали от дома
Пол Бетани,Пол Беттани
человек муравьед и оса,Человек-муравей и Оса
Зои Сальдана,Зои Салдана
Себастьян стен,Себастьян Стэн
Черная Пантера,Черная Пантера
Бенедикт кам бер батч,Бенедикт Камбербэтч
Чадвик Бозмен,Чедвик Боузман
Тайка Витити,Тайка Вайтити
Черная пантера,Черная пантера
эм баку,М'Баку
окоя,Окойе
доктор стрэндж,Доктор Стрэндж
геймдал,Хеймдалль
мельнир,Мьёльнир
Скарлет йохэнсон,Скарлетт Йоханссон
Бен Афлек,Бен Аффлек
Роберт Патинсон,Роберт Паттинсон
Джокер,Джокер
Хенри кевил,Генри Кэвилл
Бэтмен против супермена на заре справедливостей,Бэтмен против Супермена: На заре справедливости
Зелёный фонар,Зелёный Фонарь
Харли Куин,Харли Квинн
аква мен,Аквамен
Лига справедливости Снайдера,Лига справедливости Зака Снайдера
Темный рыцарь,Темный рыцарь
Пил и шар,Пьер Ришар
жан люк гудар,Жан-Люк Годар
Белла тарр,Бела Тарр
Акира куросав,Акира Куросава
Терренс Малик,Терренс Малик
Хоккин феникс,Хоакин Феникс
Игман Бергман,Ингмар Бергман
Шон коннари,Шон Коннери
ян шванк майер,Ян Шванкмайер
Небо над Берлином,Небо над Берлином
Пил и шар,Пьер Ришар
Темный найт,Тёмный рыцарь
Уакин феникс,Хоакин Феникс
Квантин Тарантино,Квентин Тарантино
Жан Люк Годар,Жан-Люк Годар
Афонсо Куарон,Альфонсо Куарон
Вуди Ален,Вуди Аллен
ска фейс,Скарфейс
Амели,Амели
Касабланка,Касабланка
Бохемская рапсодия фильм,Богемская рапсодия фильм
Фред и мер кьюри биография,Фредди Меркьюри биография
мне джаггер интервью,Мик Джаггер интервью
пол мак картни фильм,Пол Маккартни фильм
Led Zeppelin концерт,Led Zeppelin концерт
дэвид бой фильм,Дэвид Боуи фильм
рокит мен фильм,Рокетмен фильм
монтаж оф хек фильм о курте кобейне,Montage of Heck фильм о Курте Кобейне
джими хендрикс концерт фильм,Джимми Хендрикс концерт фильм
Queen концерт,Queen концерт
фильм о джо стреммере,фильм о Джо Страммере
Sid and Nancy,Sid and Nancy
фильм контроль про ян кёртис,фильм Control про Иэна Кёртиса
саундтрек марк конфлер к локал хиро,саундтрек Марка Нопфлера к Local Hero
фильмы с дэби хари,фильмы с Дебби Харри
интервью лу рид 1975,интервью Лу Рида 1975
фильм с иги пупом,фильм с Игги Попом
фильмы с том вейт,фильмы с Томом Уэйтсом
Return to Waterloo,Return to Waterloo
сид и венси фильм,фильм Sid and Nancy
мик джегер документальный фильм,Мик Джаггер документальный фильм
дэвид бой биография фильм,Дэвид Боуи биография фильм
пил и поп концерт,Игги Поп концерт
гимми шелтер роллинг стоунз фильм,Gimme Shelter фильм о The Rolling Stones
сид вишес биография,Сид Вишес биография
Алис Купер фильмы,Алис Купер фильмы
сюзи су концерт фильм,Siouxsie Sioux концерт фильм
брус спринг стин концерт фильм,Брюс Спрингстин концерт фильм
велвет андеграунд нико фильм,The Velvet Underground & Nico фильм
Джон Леннон документальный фильм,Джон Леннон документальный фильм
фильм про рей чарлз,фильм про Рэя Чарльза
фильм о нисе симон,фильм о Нине Симон
фильм амазинг грейс арета франклин,фильм 'Amazing Grace' Арета Франклин
фильм о Уитни Хьюстон,фильм о Уитни Хьюстон
фильм про марви гей,фильм про Марвина Гэя
документалка смок и робинс,документалка Смоки Робинсон
фильм гет онап джеймс браун,фильм 'Get On Up' Джеймс Браун
фильм кадилак рекордз,фильм 'Cadillac Records'
фильм леди синкс блюз,фильм 'Lady Sings the Blues' (Билли Холидей)
фильм с Алишей Киз,фильм с Алишей Киз
мав и с стэплз,Мэвис Стэплз
эн пиблс,Энн Пиблз
шарон джонс энд дап кингз,Sharon Jones & The Dap-Kings
сых джонсон,Сил Джонсон
Донни Хэтэуэй,Донни Хэтэуэй
Эрика Баду,Эрика Баду
бэдти дэивис,Бетти Дэвис
макс вэлл,Максвелл
джиллскотт,Джилл Скотт
отис рейтинг,Отис Реддинг
фильм про эриту франклин,фильм про Арету Франклин
фильм про ди анджело,фильм про D'Angelo
док про ирика баду,док про Erykah Badu
полнометражка соландж,полнометражка Соланж
фильм Эми Уайнхаус,фильм Эми Уайнхаус
фильм про марвин гей,фильм про Marvin Gaye
док о нине семен,док о Нине Симон
песня от отис реддинг,песня от Otis Redding
смок и робинсон коллекция песен,Smokey Robinson коллекция песен
Принс,Принс
Виткор цой,Виктор Цой
фильм про виктора цоя,фильм про Виктора Цой
борис грабенщиков документалка,Борис Гребенщиков документалка
Кино,Кино
фильм про юру шевчука,фильм про Юрия Шевчука
машинавремени концерт фильм,Машина времени концерт фильм
вячеслав бутосов биография,Вячеслав Бутусов биография
интервью кинчев константин,Интервью Константин Кинчев
Андрей Макаревич,Андрей Макаревич
александр баш лавчев фильм,Александр Башлачёв фильм
фильм о майке науменке,фильм о Майке Науменко
документалка про юра каспариан,документалка про Юрия Каспаряна
питер мамонов такси блюз,Пётр Мамонов Такси-Блюз
борис грабенщиков документалка,Борис Гребенщиков документалка
док про александра башлачев,док про Александра Башлачёва
интервью константина кинчева,интервью константина кинчева
фильм серега корюхин,фильм Сергей Курёхин
фильм звуки мы,фильм Звуки Му
поиск андрея макаревского документальный,поиск Андрея Макаревича документальный
док про виктора цоя,док про Виктора Цоя
вектор цой фильм игла,Виктор Цой фильм «Игла»
на ути лис пом пилиус концерт 1993,концерт Наутилус Помпилиус 1993
борис гребен щиков интервью,Борис Гребенщиков интервью
Виктор Цой,Виктор Цой
юрий шев чук лучшие песни,Юрий Шевчук лучшие песни
миша горшенев король и шут фильм,Михаил Горшенёв Король и Шут фильм
Наутилус Помпилиус,Наутилус Помпилиус
константин кинчев алиса биография,Константин Кинчев Алиса биография
егор летов гражданская оборона клипы,Егор Летов Гражданская Оборона клипы
звук ему документальный фильм,Звуки Му документальный фильм
Анна Каренина,Анна Каренина
Война и мир,Война и мир
Вой не мир,Война и мир
Анна кара и на,Анна Каренина
лев толстый,Лев Толстой
фёдор достоинский,Фёдор Достоевский
мёртвые суды фильм,Мёртвые души фильм
чай ка фильм,Чайка фильм
отцы и двери,Отцы и дети
об ламов,Обломов
фильм по лескову лев ше,фильм по Лескову «Левша»
облом оф гончаров фильм,Обломов Гончаров фильм
экранзация сал ты ков щедрин история одного города,экранизация Салтыкова-Щедрина «История одного города»
гроза остров ский,Гроза Островского
по рассказам некрасоф фильм,по рассказам Некрасова фильм
фильм биография короленка,фильм биография Короленко
гори от ума гри боедов фильм,Горе от ума Грибоедова фильм
фильм 'Гроза' Островского,фильм 'Гроза' Островского
экранизация 'История одного города' Салтыков-Щедрин,экранизация 'История одного города' Салтыков-Щедрин
по рассказам гар шин фильм,по рассказам Гаршина фильм
фильм мертвые даши гоголь,фильм Мёртвые души Гоголь
анна карина фильм с кирстен данст,Анна Каренина фильм с Кирстен Данст
режиссер война и мир сергей бандарчук,режиссер Война и мир Сергей Бондарчук
фильм преступление и наказание достовский,фильм Преступление и наказание Достоевский
Лев Толстой Война и мир,Лев Толстой Война и мир
фильм про михаила лерман тов,фильм про Михаила Лермонтова
фильм дама и собачка чехов,фильм Дама с собачкой Чехов
пушкин последняя дюль,Пушкин. Последняя дуэль
фильм по пьесе островского гро за,фильм по пьесе Островского Гроза
Антон Чехов фильмы по рассказам,Антон Чехов фильмы по рассказам
Михайл Булгаков,Михаил Булгаков
мастера и маргарита сериал,Мастер и Маргарита сериал
доктор живого фильм,Доктор Живаго фильм
Владимир Набакоф,Владимир Набоков
братья строгачки книги,Братья Стругацкие книги
Исаак Бабул рассказы,Исаак Бабель рассказы
Владимир Маяковский,Владимир Маяковский
борис пастернак фильм доктор живого,Борис Пастернак фильм Доктор Живаго
Мастер и Маргарита,Мастер и Маргарита
Александр Солженицин,Александр Солженицын
Андрей платон оф фильм,Андрей Платонов фильм
Веник дик ерофеев аудиоспектакль,Венедикт Ерофеев аудиоспектакль
Варлам шала му экранизация,Варлам Шаламов экранизация
Юрий три фонов фильм по роману,Юрий Трифонов фильм по роману
Михаил зощен ко короткометражка,Михаил Зощенко короткометражка
Константин пау сто вс кий документалка,Константин Паустовский документалка
Виктор шкл офский интервью,Виктор Шкловский интервью
Александр бэк сценарий фильма,Александр Бек сценарий фильма
Даниил Хармс,Даниил Хармс
Иосиф Бродский фильм,Иосиф Бродский фильм
Мы чай булка гов,Михаил Булгаков
Мастер и маргарита,Мастер и Маргарита
иск зак бабель,Исаак Бабель
вар лям шало мав,Варлам Шаламов
пас тернак доктор живого,Пастернак Доктор Живаго
даниел харрис,Даниил Хармс
венедикт еро фигов москва петушки,Венедикт Ерофеев Москва — Петушки
ев ген зам я тин мы,Евгений Замятин Мы
Ильф и Петров,Ильф и Петров
сол ченицын один день иван данисович фильм,Александр Солженицын Один день Ивана Денисовича фильм
документальный фильм о Фрид рихе Ничше,документальный фильм о Фридрихе Ницше
фильмы про рене де карт,фильмы про Рене Декарта
жан поль сарта фильмы,фильмы про Жана-Поля Сартра
документалка о мешель фу ко,документальный фильм о Мишеле Фуко
интервью с Иммануилом Канть,интервью с Иммануилом Кантом
фильм о Карле Марксе,фильм о Карле Марксе
фильм про лудвиг вита генштейн,фильм про Людвига Витгенштейна
док фильм про каме дю,документальный фильм про Альбера Камю
документалка про девит юм,документальный фильм про Дэвида Юма
фильмы про Платона,фильмы про Платона
фильм про Мишел фокус,фильм про Мишель Фуко
документалка про Жак Дерида,документалка про Жак Деррида
фильмы Жил Делез,фильмы Жиль Делёз
Герберт Маркус биография,Герберт Маркузе биография
фильм о Сирен Киркегор,фильм о Сёрен Кьеркегор
док про Вальтер Бенджамин,док про Вальтер Беньямин
фильм по Камю,фильм по Камю
фильм про Эммануэль Левинас,фильм про Эммануэль Левинас
Людвиг Вигенштейн интервью,Людвиг Витгенштейн интервью
фильм Морис Марло понти,фильм Морис Мерло-Понти
документалка про серен киркегор,документальный фильм о Сёрене Кьеркегоре
фильм про мишкель фуко,фильм про Мишеля Фуко
фильм о жан поль садр,фильм о Жане-Поле Сартре
док про альбер камас,документальный фильм про Альбера Камю
фильм про людвиг видгенштейн,фильм про Людвига Витгенштейна
покажите фильм про мартина хайде ка гера,покажите фильм про Мартина Хайдеггера
док о симон де бовоар,док о Симоне де Бовуар
фильм про девида юм,фильм про Дэвида Юма
документальный фильм о Фридрихе Ницше,документальный фильм о Фридрихе Ницше
фильм о Томасе Хоббсе,фильм о Томасе Хоббсе
Дмитрий Мендельеев,Дмитрий Менделеев
фильм про ивана плавлова,фильм про Ивана Павлова
Чиолковский фильм,Циолковский фильм
Сергей королев документалка,Сергей Королёв документалка
Андрей Сахаров,Андрей Сахаров
Лев лендау интервью,Лев Ландау интервью
Игорь курчатков биография,Игорь Курчатов биография
Пётр капитца фильм,Пётр Капица фильм
Николай вашилов документалка,Николай Вавилов документалка
Яков Зельдович,Яков Зельдович
фильм про сережу короля,фильм про Сергея Королёва
документалка про андрия сахарова,документалка про Андрея Сахарова
фильм о жизни игр курчатова,фильм о жизни Игоря Курчатова
фильм про дмитрий меня лев,фильм про Дмитрия Менделеева
фильм про Константина Циолковского,фильм про Константина Циолковского
фильм про николая вавилона,фильм про Николая Вавилова
фильм про паф нутия чебы шев,фильм про Пафнутия Чебышёва
кино про лев ланда,кино про Льва Ландау
кино про жи чевского,кино про Чижевского
фильм про Николая Лобачевского,фильм про Николая Лобачевского
серж королев документалка,Сергей Королёв документалка
кино про циоловского,кино про Циолковского
документальный фильм про дмитра мен делеева,документальный фильм про Дмитрия Менделеева
фильм про Андрея Сахарова,фильм про Андрея Сахарова
Игорь Кур чат ов биография,Игорь Курчатов биография
профессор паулов фильм о собаках,профессор Павлов фильм о собаках
лев и ландау интервью,Лев Ландау интервью
док про менчикова,док про Мечникова
фильм о Менделеефф,фильм о Менделееве
документальный фильм о Циолковском,документальный фильм о Циолковском
Аль бёрт эйн штайн фильм,Фильм про Альберта Эйнштейна
фильм про не тю тон,Фильм про Исаака Ньютона
ника ла тесла биография фильм,Фильм о Николе Тесле
стивен хаккинг документалка,Документальный фильм про Стивена Хокинга
Зигмунд Фрейд,Зигмунд Фрейд
чарлз дарвин фильм,Фильм о Чарльзе Дарвине
ри чард фейн мен интервью,Ричард Фейнман интервью
вернер гайзен берг фильм,Фильм о Вернере Гейзенберге
космас карла сагана,Космос Карла Сагана
Мария Кюри,Мария Кюри
Роберт о пан геймер,Роберт Оппенгеймер
Джон фон нойман,Джон фон Нейман
лиза магнитер,Лиза Мейтнер
пол дирек,Пол Дирак
энрико фими,Энрико Ферми
розалин франклин,Розалинд Франклин
мери джел ман,Мюррей Гелл-Манн
тим бернерсли,Тим Бернерс-Ли
Оппенгеймер,Оппенгеймер
Скрытые фигуры,Скрытые фигуры
алан ты воринг,Алан Тьюринг
Стивен Хокинг,Стивен Хокинг
ричард фейн мэн,Ричард Фейнман
Ричард Фейнман,Ричард Фейнман
фильм про карл сэйгэн,фильм про Карла Сагана
нилис бор биография,Нильс Бор биография
фильм про макс планг,фильм про Макса Планка
джеймс ватсон интервью,Джеймс Уотсон интервью
френсис крик,Фрэнсис Крик
мария складовская куари,Мария Склодовская-Кюри
